insert into db_ballartelyweb.general_parameter (id, param_type, param_code, param_description, param_value, param_creation_date, param_modification_date, param_status) values (1, 'STATUS', 'A', 'ESTADO ACTIVO', 'ACTIVO', '2018-05-09 13:47:45.000000', null, 1);
insert into db_ballartelyweb.general_parameter (id, param_type, param_code, param_description, param_value, param_creation_date, param_modification_date, param_status) values (2, 'STATUS', 'I', 'ESTADO INACTIVO', 'INACTIVO', '2018-05-09 13:48:00.000000', null, 1);
insert into db_ballartelyweb.general_parameter (id, param_type, param_code, param_description, param_value, param_creation_date, param_modification_date, param_status) values (3, 'DOCTYPE', 'DNI', 'DOCUMENTO NACIONAL DE IDENTIDAD', 'D.N.I', '2018-05-09 13:48:39.000000', null, 1);
insert into db_ballartelyweb.general_parameter (id, param_type, param_code, param_description, param_value, param_creation_date, param_modification_date, param_status) values (4, 'DOCTYPE', 'RUC', 'REGISTRO ÚNICO CALIFICADO', 'R.U.C', '2018-05-09 13:49:18.000000', null, 1);
insert into db_ballartelyweb.general_parameter (id, param_type, param_code, param_description, param_value, param_creation_date, param_modification_date, param_status) values (5, 'CLIENTTYPE', 'M', 'CLIENTE MOROSO', 'MOROSO', '2018-05-09 13:49:52.000000', null, 1);
insert into db_ballartelyweb.general_parameter (id, param_type, param_code, param_description, param_value, param_creation_date, param_modification_date, param_status) values (6, 'CLIENTTYPE', 'N', 'CLIENTE NORMAL', 'NORMAL', '2018-05-09 13:50:11.000000', null, 1);
insert into db_ballartelyweb.general_parameter (id, param_type, param_code, param_description, param_value, param_creation_date, param_modification_date, param_status) values (7, 'CLIENTTYPE', 'P', 'CLIENTE PREFERENCIAL', 'PREFERENCIAL', '2018-05-09 13:50:26.000000', null, 1);
insert into db_ballartelyweb.general_parameter (id, param_type, param_code, param_description, param_value, param_creation_date, param_modification_date, param_status) values (8, 'GENERIC', 'VPM', 'Porcentaje Merma', 0.32, '2018-05-15 19:19:23.000000', '2018-08-01 16:54:30.000000', 1);
insert into db_ballartelyweb.general_parameter (id, param_type, param_code, param_description, param_value, param_creation_date, param_modification_date, param_status) values (9, 'GENERIC', 'UPLOADDIR', 'Ruta de comprobantes de pago digitales', 'C:\\Users\\javie\\Documents\\Programacion\\Proyecto Ballartely\\comprobantes_digitales\\', '2018-05-17 17:43:04.000000', '2018-05-17 19:35:35.000000', 1);
insert into db_ballartelyweb.general_parameter (id, param_type, param_code, param_description, param_value, param_creation_date, param_modification_date, param_status) values (10, 'GENERIC', 'VPD', 'Porcentaje Deshidratación', 1.41, '2018-08-02 17:39:08.000000', '2018-08-02 17:39:08.000000', 1);
insert into db_ballartelyweb.general_parameter (id, param_type, param_code, param_description, param_value, param_creation_date, param_modification_date, param_status) values (11, 'EXPEND', 'GBN', 'COSTO BENEFICIO', 0.00, '2018-08-02 17:47:47.000000', '2018-08-02 17:47:47.000000', 1);
insert into db_ballartelyweb.general_parameter (id, param_type, param_code, param_description, param_value, param_creation_date, param_modification_date, param_status) values (12, 'EXPEND', 'GDB', 'COSTO DESEMBARCO', 0.00, '2018-08-02 17:48:42.000000', '2018-08-02 17:48:42.000000', 1);
insert into db_ballartelyweb.general_parameter (id, param_type, param_code, param_description, param_value, param_creation_date, param_modification_date, param_status) values (13, 'EXPEND', 'GFL', 'COSTO FLETE', 0.00, '2018-08-02 17:49:03.000000', '2018-08-02 17:49:03.000000', 1);
insert into db_ballartelyweb.general_parameter (id, param_type, param_code, param_description, param_value, param_creation_date, param_modification_date, param_status) values (14, 'EXPEND', 'GHL', 'COSTO HIELO', 0.00, '2018-08-02 17:49:35.000000', '2018-08-02 17:49:35.000000', 1);
insert into db_ballartelyweb.general_parameter (id, param_type, param_code, param_description, param_value, param_creation_date, param_modification_date, param_status) values (15, 'EXPEND', 'GVR', 'COSTO VARIOS (MENU, PASAJES, ETC)', 0.00, '2018-08-02 17:50:28.000000', '2018-08-02 17:50:28.000000', 1);
insert into db_ballartelyweb.general_parameter (id, param_type, param_code, param_description, param_value, param_creation_date, param_modification_date, param_status) values (16, 'GENERIC', 'VCB', 'Valor de costo de beneficio', 0.22, '2018-08-02 18:01:37.000000', '2018-08-02 18:01:37.000000', 1);

insert into db_ballartelyweb.enterprise (id, address, district, dni, enterprise_creation_date, enterprise_modification_date, login, password, ruc, social_reason) values (1, 'Prlg. Mantaro Nro 589 Barrio Ulun', 'Concepcion - Junin', '', null, '2018-07-28 22:37:47.000000', 'JBALLARTA', '$2a$10$qSiQwE8U/JF9EeIXltGUrOxbaA5SZ7gtamyrFlLEuX2IkdrBlJ0Ce', 2056887946, 'Ballartely E.I.R.L');

insert into db_ballartelyweb.provider (id, provider_ruc, provider_social_reason, provider_address, provider_phone_number, provider_creation_date, provider_modification_date, provider_status, provider_car_number, provider_driver_license) values (1, 20102255871, 'POLLOTOTOTE', 'JR. LOS JAZMINES 668', 982589963, '2019-12-30 22:19:37.000000', '2019-12-30 22:19:37.000000', 1, null, null);
insert into db_ballartelyweb.provider (id, provider_ruc, provider_social_reason, provider_address, provider_phone_number, provider_creation_date, provider_modification_date, provider_status, provider_car_number, provider_driver_license) values (2, 20120022310, 'El Rocio', 'Trujillo', 980022254, '2020-01-08 17:42:26.000000', '2020-01-08 20:33:30.000000', 1, null, null);

insert into db_ballartelyweb.customer (id, document_type, document_number, customer_names, customer_address, customer_phone_number, customer_type, customer_creation_date, customer_modification_date, customer_status) values (1, 'DNI', 42552259, 'Kurt Franco', 'calle los suris 255', 992236565, 'P', '2020-01-01 19:43:09.000000', '2020-01-01 19:43:09.000000', 1);
insert into db_ballartelyweb.customer (id, document_type, document_number, customer_names, customer_address, customer_phone_number, customer_type, customer_creation_date, customer_modification_date, customer_status) values (2, 'RUC', 20112022155, 'El Farolito', 'Av. Camino Real 120', 5302559, 'N', '2020-01-08 18:06:13.000000', '2020-01-08 18:06:13.000000', 1);

insert into db_ballartelyweb.transport (id, car_number, car_mark, driver_license_number, driver_names, transport_creation_date, transport_modification_date, transport_status) values (1, 'XP-9665', 'NISSAN', 102558, 'JORGE LOPEZ', '2019-12-30 21:58:59.000000', '2019-12-30 21:58:59.000000', 1);
insert into db_ballartelyweb.transport (id, car_number, car_mark, driver_license_number, driver_names, transport_creation_date, transport_modification_date, transport_status) values (2, 'XP-98896', 'TOYOTA', 1022558, 'ANDRES ROMERO', '2019-12-30 21:59:38.000000', '2019-12-30 21:59:38.000000', 1);
insert into db_ballartelyweb.transport (id, car_number, car_mark, driver_license_number, driver_names, transport_creation_date, transport_modification_date, transport_status) values (3, 'XP-9999', 'Nissan', 454654, 'Andres Perez', '2020-01-08 20:34:09.000000', '2020-01-08 20:34:09.000000', 1);

insert into db_ballartelyweb.enterprise_transport (id, enterprise_id, transport_id) values (1, 1, 2);

insert into db_ballartelyweb.provider_transport (id, provider_id, transport_id) values (1, 1, 1);
insert into db_ballartelyweb.provider_transport (id, provider_id, transport_id) values (2, 2, 3);

insert into db_ballartelyweb.account (id, account_type, account_owner, account_creation_date, account_modification_date, account_status) values (1, 'P', null, '2018-05-09 14:08:17.000000', null, 1);
insert into db_ballartelyweb.account (id, account_type, account_owner, account_creation_date, account_modification_date, account_status) values (2, 'C', 1, '2020-01-01 19:43:09.000000', '2020-01-01 19:43:09.000000', 1);
insert into db_ballartelyweb.account (id, account_type, account_owner, account_creation_date, account_modification_date, account_status) values (3, 'C', 2, '2020-01-08 18:06:13.000000', '2020-01-08 18:06:13.000000', 1);

insert into db_ballartelyweb.product_label (id, product_label_code, product_label_description, product_label_weight, product_label_creation_date, product_label_modification_date, product_label_status) values (1, 'P2', 'POLLO 2KG', 2.00000, '2020-01-05 23:34:51.000000', '2020-01-08 18:04:24.000000', 1);
insert into db_ballartelyweb.product_label (id, product_label_code, product_label_description, product_label_weight, product_label_creation_date, product_label_modification_date, product_label_status) values (2, 'P3', 'POLLO 3KG', 3.00000, '2020-01-05 23:35:13.000000', '2020-01-08 18:04:00.000000', 1);
insert into db_ballartelyweb.product_label (id, product_label_code, product_label_description, product_label_weight, product_label_creation_date, product_label_modification_date, product_label_status) values (3, 'P4', 'POLLO 4KG', 4.00000, '2020-01-08 18:01:53.000000', '2020-01-08 18:03:42.000000', 1);
insert into db_ballartelyweb.product_label (id, product_label_code, product_label_description, product_label_weight, product_label_creation_date, product_label_modification_date, product_label_status) values (4, 'DCH', 'POLLO DESCARTE', 0.00000, '2020-01-08 18:02:37.000000', '2020-01-08 18:03:24.000000', 1);
insert into db_ballartelyweb.product_label (id, product_label_code, product_label_description, product_label_weight, product_label_creation_date, product_label_modification_date, product_label_status) values (5, 'DX', 'POLLO MUERTO', 0.00000, '2020-01-08 18:02:59.000000', '2020-01-08 18:02:59.000000', 1);

insert into db_ballartelyweb.guide_head (id, emission_date, end_point, guide_creation_date, guide_file, guide_modification_date, guide_number, guide_type, guide_status, invoice_number, observations, reason, start_point, guide_benefied, guide_cotized, enterprise_id, provider_id, customer_id, transport_id) values (1, '2020-01-09 00:00:00.000000', 'Prlg. Mantaro Nro 589 Barrio Ulun Concepcion - Junin', '2020-01-08 20:38:23.000000', 'COMP_102154545.jpg', '2020-01-14 22:08:20.000000', 102154545, 'C', 'C', 100212121, 'bbjhgjhjgh', 'Venta', 'Trujillo', 'Y', 'Y', 1, 2, null, 3);
insert into db_ballartelyweb.guide_head (id, emission_date, end_point, guide_creation_date, guide_file, guide_modification_date, guide_number, guide_type, guide_status, invoice_number, observations, reason, start_point, guide_benefied, guide_cotized, enterprise_id, provider_id, customer_id, transport_id) values (2, '2020-01-10 00:00:00.000000', 'Av. Camino Real 120', '2020-01-08 20:46:28.000000', 'VENT_10000212.JPG', '2020-01-08 20:46:28.000000', 10000212, 'V', null, 2000002151, 'bhjgjh', 'Venta', 'Prlg. Mantaro Nro 589 Barrio Ulun Concepcion - Junin', null, null, 1, null, 2, 2);
insert into db_ballartelyweb.guide_head (id, emission_date, end_point, guide_creation_date, guide_file, guide_modification_date, guide_number, guide_type, guide_status, invoice_number, observations, reason, start_point, guide_benefied, guide_cotized, enterprise_id, provider_id, customer_id, transport_id) values (3, '2020-01-24 00:00:00.000000', 'Av. Camino Real 120', '2020-01-23 00:17:52.000000', 'VENT_10000001111.JPG', '2020-01-23 00:17:52.000000', 10000001111, 'V', null, null, 'cddcd', 'Venta', 'Prlg. Mantaro Nro 589 Barrio Ulun Concepcion - Junin', null, null, 1, null, 2, 2);

insert into db_ballartelyweb.product_stock (id, product_stock_cant, product_stock_creation_date, product_label_id, guide_head_id) values (1, 50, '2020-01-08 20:41:14.000000', 1, 1);
insert into db_ballartelyweb.product_stock (id, product_stock_cant, product_stock_creation_date, product_label_id, guide_head_id) values (2, 15, '2020-01-08 20:41:14.000000', 2, 1);
insert into db_ballartelyweb.product_stock (id, product_stock_cant, product_stock_creation_date, product_label_id, guide_head_id) values (3, 100, '2020-01-08 20:41:14.000000', 3, 1);
insert into db_ballartelyweb.product_stock (id, product_stock_cant, product_stock_creation_date, product_label_id, guide_head_id) values (4, 50, '2020-01-08 20:41:14.000000', 4, 1);
insert into db_ballartelyweb.product_stock (id, product_stock_cant, product_stock_creation_date, product_label_id, guide_head_id) values (5, 5, '2020-01-08 20:41:14.000000', 5, 1);

insert into db_ballartelyweb.guide_cotization (id, unit_cost_guide, total_weight_dehydrated, total_expenses, total_decrease, total_unit_cost, cotization_creation_date, guide_head_id) values (1, 5.00, 759.14, 288.90, 158.40, 5.17, '2020-01-08 00:00:00.000000', 1);

insert into db_ballartelyweb.guide_detail (id, average, boxes_quantity, dead_quantity, dead_weight, guide_creation_date, guide_modification_date, initial_weight, net_weight, product_description, product_quantity, tara_weight, unit_cost, guide_head_id) values (1, 2.00, 100, 5, 10.00, '2020-01-08 20:38:23.000000', '2020-01-08 20:38:23.000000', 800.00, 780.00, 'Pollo Variado', 500, 20.00, 5.00, 1);

insert into db_ballartelyweb.guide_detail_sales (id, product_quantity, metric_unit, total_weight, total_cost, guide_creation_date, guide_modification_date, product_label_id, guide_head_id) values (1, 50, 'KG', 100.00, 517.00, '2020-01-08 20:46:28.000000', '2020-01-08 20:46:28.000000', 1, 2);
insert into db_ballartelyweb.guide_detail_sales (id, product_quantity, metric_unit, total_weight, total_cost, guide_creation_date, guide_modification_date, product_label_id, guide_head_id) values (2, 80, 'KG', 240.00, 1240.80, '2020-01-08 20:46:29.000000', '2020-01-08 20:46:29.000000', 2, 2);
insert into db_ballartelyweb.guide_detail_sales (id, product_quantity, metric_unit, total_weight, total_cost, guide_creation_date, guide_modification_date, product_label_id, guide_head_id) values (3, 100, 'KG', 400.00, 2068.00, '2020-01-08 20:46:29.000000', '2020-01-08 20:46:29.000000', 3, 2);
insert into db_ballartelyweb.guide_detail_sales (id, product_quantity, metric_unit, total_weight, total_cost, guide_creation_date, guide_modification_date, product_label_id, guide_head_id) values (4, 50, 'KG', 200.00, 1034.00, '2020-01-23 00:17:52.000000', '2020-01-23 00:17:52.000000', 3, 3);

insert into db_ballartelyweb.invoice (id, invoice_serie, invoice_number, invoice_emission_date, invoice_expiration_date, invoice_sunat_code, invoice_sunat_message, guide_head_id) values (1, 'F001', 1     , '2020-01-22 08:22:24.000000', '2020-01-24', null, null, 2);
insert into db_ballartelyweb.invoice (id, invoice_serie, invoice_number, invoice_emission_date, invoice_expiration_date, invoice_sunat_code, invoice_sunat_message, guide_head_id) values (2, 'F001', 2     , '2020-01-24 00:00:00.000000', '2020-01-25', null, null, 3);

insert into db_ballartelyweb.movements (id, movement_date, movement_type, payment_documentnumber, account_id, provider_id, customer_id, movement_quantity, movement_amount, movement_observation) values (1, '2020-01-08', 'COMP', 102154545, 1, 2, null, 495, 3850.00, 'Registro de Guia de compra.');
insert into db_ballartelyweb.movements (id, movement_date, movement_type, payment_documentnumber, account_id, provider_id, customer_id, movement_quantity, movement_amount, movement_observation) values (2, '2020-01-08', 'VENT', 10000212, 3, null, 2, 230, 3825.80, 'Registro de Guia de venta.');
insert into db_ballartelyweb.movements (id, movement_date, movement_type, payment_documentnumber, account_id, provider_id, customer_id, movement_quantity, movement_amount, movement_observation) values (3, '2020-01-23', 'VENT', 10000001111, 3, null, 2, 50, 1034.00, 'Registro de Guia de venta.');